name,id,sis,term,groupCategories
Survey of Accounting,36544,C.Online.2019.Winter.ACCTG 180.10,Winter 2019,ACCTG 180 1st Discussion Group |ACCTG 180 2nd Discussion Group |ACCTG 180 3rd Discussion Group |ACCTG 180 4th Discussion Group |
Survey of Accounting,36546,C.Online.2019.Winter.ACCTG 180.11,Winter 2019,ACCTG 180 1st Discussion Group |ACCTG 180 2nd Discussion Group |ACCTG 180 3rd Discussion Group |ACCTG 180 4th Discussion Group |
Survey of Accounting,37324,C.Online.2019.Winter.ACCTG 180.12,Winter 2019,ACCTG 180 1st Discussion Group |ACCTG 180 2nd Discussion Group |ACCTG 180 3rd Discussion Group |ACCTG 180 4th Discussion Group |
Survey of Accounting,39060,C.Online.2019.Winter.ACCTG 180.13,Winter 2019,ACCTG 180 1st Discussion Group |ACCTG 180 2nd Discussion Group |ACCTG 180 3rd Discussion Group |ACCTG 180 4th Discussion Group |
Survey of Accounting,38626,C.Online.2019.Winter.ACCTG 180.14,Winter 2019,ACCTG 180 1st Discussion Group |ACCTG 180 2nd Discussion Group |ACCTG 180 3rd Discussion Group |ACCTG 180 4th Discussion Group |
Survey of Accounting,36534,C.Online.2019.Winter.ACCTG 180.5,Winter 2019,ACCTG 180 1st Discussion Group |ACCTG 180 2nd Discussion Group |ACCTG 180 3rd Discussion Group |ACCTG 180 4th Discussion Group |
Survey of Accounting,36536,C.Online.2019.Winter.ACCTG 180.6,Winter 2019,ACCTG 180 1st Discussion Group |ACCTG 180 2nd Discussion Group |ACCTG 180 3rd Discussion Group |ACCTG 180 4th Discussion Group |
Survey of Accounting,36538,C.Online.2019.Winter.ACCTG 180.7,Winter 2019,ACCTG 180 1st Discussion Group |ACCTG 180 2nd Discussion Group |ACCTG 180 3rd Discussion Group |ACCTG 180 4th Discussion Group |
Survey of Accounting,36540,C.Online.2019.Winter.ACCTG 180.8,Winter 2019,Introduction Group|ACCTG 180 1st Discussion Group |ACCTG 180 2nd Discussion Group |ACCTG 180 3rd Discussion Group |ACCTG 180 4th Discussion Group |
Survey of Accounting,36542,C.Online.2019.Winter.ACCTG 180.9,Winter 2019,ACCTG 180 9th Discussion Group|ACCTG 180 1st Discussion Group |ACCTG 180 2nd Discussion Group |ACCTG 180 3rd Discussion Group |ACCTG 180 4th Discussion Group |
Financial Accounting,37048,C.Online.2019.Winter.ACCTG 201.10,Winter 2019,ACCTG 201 Homework Support Discussion Group|ACCTG 201 W08 Ethics Discussion Group|ACCTG 201 Presenters|
Financial Accounting,37050,C.Online.2019.Winter.ACCTG 201.11,Winter 2019,ACCTG 201 Homework Support Discussion Group|ACCTG 201 W08 Ethics Discussion Group|ACCTG 201 Presenters|
Financial Accounting,37052,C.Online.2019.Winter.ACCTG 201.12,Winter 2019,ACCTG 201 Homework Support Discussion Group|ACCTG 201 W08 Ethics Discussion Group|ACCTG 201 Presenters|
Financial Accounting,37054,C.Online.2019.Winter.ACCTG 201.13,Winter 2019,ACCTG 201 Homework Support Discussion Group|ACCTG 201 W08 Ethics Discussion Group|ACCTG 201 Presenters|
Financial Accounting,37056,C.Online.2019.Winter.ACCTG 201.14,Winter 2019,ACCTG 201 Homework Support Discussion Group|ACCTG 201 W08 Ethics Discussion Group|ACCTG 201 Presenters|
Financial Accounting,37058,C.Online.2019.Winter.ACCTG 201.15,Winter 2019,ACCTG 201 Homework Support Discussion Group|ACCTG 201 W08 Ethics Discussion Group|ACCTG 201 Presenters|
Financial Accounting,37060,C.Online.2019.Winter.ACCTG 201.16,Winter 2019,ACCTG 201 Homework Support Discussion Group|ACCTG 201 W08 Ethics Discussion Group|ACCTG 201 Presenters|
Financial Accounting,37062,C.Online.2019.Winter.ACCTG 201.17,Winter 2019,ACCTG 201 Homework Support Discussion Group|ACCTG 201 W08 Ethics Discussion Group|ACCTG 201 Presenters|
Managerial Accounting,35470,C.Online.2019.Winter.ACCTG 202.8,Winter 2019,ACCTG 202 Study Group|
Accounting Software,35814,C.Online.2019.Winter.ACCTG 205.1,Winter 2019,ACCTG 205 Final Project Partnership|ACCTG 205 (1st half) Discussion Group|ACCTG 205 (2nd half) Discussion Group|
Accounting Software,35816,C.Online.2019.Winter.ACCTG 205.2,Winter 2019,ACCTG 205 Final Project Partnership|ACCTG 205 (1st half) Discussion Group|ACCTG 205 (2nd half) Discussion Group|
Accounting Software,35818,C.Online.2019.Winter.ACCTG 205.3,Winter 2019,ACCTG 205 Final Project Partnership|ACCTG 205 (1st half) Discussion Group|ACCTG 205 (2nd half) Discussion Group|
Accounting Software,35820,C.Online.2019.Winter.ACCTG 205.4,Winter 2019,ACCTG 205 Final Project Partnership|ACCTG 205 (1st half) Discussion Group|ACCTG 205 (2nd half) Discussion Group|
Accounting Software,35822,C.Online.2019.Winter.ACCTG 205.5,Winter 2019,ACCTG 205 Final Project Partnership|ACCTG 205 (1st half) Discussion Group|ACCTG 205 (2nd half) Discussion Group|
Entrepreneurship in Agribusiness,35548,C.Online.2019.Winter.AGBUS 105.1,Winter 2019,Group|
Intro to Cultural Anthropology,35824,C.Online.2019.Winter.ANTH 101.2,Winter 2019,ANTH 101 Discussion (W05-07) Groups|ANTH 101 Discussion (W08-10) Groups|ANTH 101 Discussion (W02-04) Groups|ANTH 101 Discussion (W11-13) Groups|
Intro to Cultural Anthropology,35826,C.Online.2019.Winter.ANTH 101.3,Winter 2019,ANTH 101 Discussion (W05-07) Groups|ANTH 101 Discussion (W08-10) Groups|ANTH 101 Discussion (W02-04) Groups|ANTH 101 Discussion (W11-13) Groups|
Intro to Cultural Anthropology,35828,C.Online.2019.Winter.ANTH 101.4,Winter 2019,Nacirema|pcintrone|Disciples|Group 3|Nephites|ANTH 101 Discussion (W05-07) Groups|ANTH 101 Discussion (W08-10) Groups|ANTH 101 Discussion (W02-04) Groups|ANTH 101 Discussion (W11-13) Groups|
Introduction to Graphic Design,35694,C.Online.2019.Winter.ART 130.4,Winter 2019,
Typography,35830,C.Online.2019.Winter.ART 230.2,Winter 2019,
Typography,35832,C.Online.2019.Winter.ART 230.3,Winter 2019,
Typography,35834,C.Online.2019.Winter.ART 230.4,Winter 2019,
Typography,35836,C.Online.2019.Winter.ART 230.5,Winter 2019,Discussion Board Groups|
Typography,35838,C.Online.2019.Winter.ART 230.6,Winter 2019,
Intro to Automotive Tech,35840,C.Online.2019.Winter.AUTO 125.1,Winter 2019,
Intro to Automotive Tech,35842,C.Online.2019.Winter.AUTO 125.2,Winter 2019,
Intro to Automotive Tech,35844,C.Online.2019.Winter.AUTO 125.3,Winter 2019,
Intro to Automotive Tech,35846,C.Online.2019.Winter.AUTO 125.4,Winter 2019,
Electrical Systems,35550,C.Online.2019.Winter.AUTO 131.2,Winter 2019,
Engine Performance,35554,C.Online.2019.Winter.AUTO 132.2,Winter 2019,AUTO 132 Debrief Discussion Group|
Chassis Systems,35552,C.Online.2019.Winter.AUTO 155.2,Winter 2019,AUTO 155 W02–W06 Discussion Group|AUTO 155 W07–W13 Discussion Group|
Drivetrains,35696,C.Online.2019.Winter.AUTO 201.1,Winter 2019,AUTO 201 Video Presentation Discussion Group|
Vehicle Electronics,39062,C.Online.2019.Winter.AUTO 231.2,Winter 2019,Weekly Discussion Group|
Sales & Customer Relations,35556,C.Online.2019.Winter.B 120.1,Winter 2019,B 120 W03-07 Discussion Group|B 120 Debate Group|B 120 W08-13 Discussion Group|
Office Procedures,35558,C.Online.2019.Winter.B 129.2,Winter 2019,B 129 Discussion Group|B 129 Study Groups|
Intro. to Entrepreneurship,36146,C.Online.2019.Winter.B 183.10,Winter 2019,B 183 Discussion Group|
Intro. to Entrepreneurship,39058,C.Online.2019.Winter.B 183.11,Winter 2019,B 183 Discussion Group|
Intro. to Entrepreneurship,36136,C.Online.2019.Winter.B 183.4,Winter 2019,B 183 Discussion Group|
Intro. to Entrepreneurship,36138,C.Online.2019.Winter.B 183.5,Winter 2019,B 183 Discussion Group|
Intro. to Entrepreneurship,36140,C.Online.2019.Winter.B 183.6,Winter 2019,B 183 Discussion Group|
Intro. to Entrepreneurship,36142,C.Online.2019.Winter.B 183.7,Winter 2019,B 183 Discussion Group|
Intro. to Entrepreneurship,36144,C.Online.2019.Winter.B 183.9,Winter 2019,B 183 Discussion Group|
Introduction to Finance,36148,C.Online.2019.Winter.B 201.2,Winter 2019,B 201 Stock Market Game Support Group|B 201 W07 Discussion Group|B 201 W09 Discussion Group|B 201 W12 Discussion Group|
Introduction to Finance,36150,C.Online.2019.Winter.B 201.3,Winter 2019,B 201 Stock Market Game Support Group|B 201 W07 Discussion Group|B 201 W09 Discussion Group|B 201 W12 Discussion Group|
Introduction to Finance,36152,C.Online.2019.Winter.B 201.4,Winter 2019,B 201 Stock Market Game Support Group|B 201 W07 Discussion Group|B 201 W09 Discussion Group|B 201 W12 Discussion Group|
Introduction to Finance,39064,C.Online.2019.Winter.B 201.5,Winter 2019,B 201 Stock Market Game Support Group|B 201 W07 Discussion Group|B 201 W09 Discussion Group|B 201 W12 Discussion Group|
Business Fundamentals,39066,C.Online.2019.Winter.B 211.18,Winter 2019,B 211 CapSim Teams|
Business Fundamentals,35698,C.Online.2019.Winter.B 211.9,Winter 2019,B 211 CapSim Teams|
Word Processing I,35560,C.Online.2019.Winter.B 240.1,Winter 2019,Sections|
Word Processing I,37626,C.Online.2019.Winter.B 240.3,Winter 2019,
Word Processing II,35562,C.Online.2019.Winter.B 241.3,Winter 2019,Section Group|Set #01|
Web Business Creation,36154,C.Online.2019.Winter.B 250.2,Winter 2019,B 250 Discussion Group|
Web Business Creation,36156,C.Online.2019.Winter.B 250.3,Winter 2019,B 250 Discussion Group|
Web Business Creation,36158,C.Online.2019.Winter.B 250.4,Winter 2019,B 250 Discussion Group|
Web Business Creation,36160,C.Online.2019.Winter.B 250.5,Winter 2019,B 250 Discussion Group|
Web Business Creation,36162,C.Online.2019.Winter.B 250.6,Winter 2019,B 250 Discussion Group|
Web Business Creation,36164,C.Online.2019.Winter.B 250.7,Winter 2019,B 250 Discussion Group|
Web Business Creation,36166,C.Online.2019.Winter.B 250.8,Winter 2019,B 250 Discussion Group|
Business Law,35564,C.Online.2019.Winter.B 275.5,Winter 2019,B 275 Concept Groups|
Small Business Creation,36168,C.Online.2019.Winter.B 283.2,Winter 2019,B 283 Discussion Group A|B 283 Discussion Group B|B 283 You Be the Consultant Group|
Small Business Creation,36170,C.Online.2019.Winter.B 283.3,Winter 2019,B 283 Discussion Group A|B 283 Discussion Group B|B 283 You Be the Consultant Group|
Small Business Creation,36172,C.Online.2019.Winter.B 283.4,Winter 2019,Discussion Groups|B 283 Discussion Group A|B 283 Discussion Group B|B 283 You Be the Consultant Group|
Small Business Creation,36174,C.Online.2019.Winter.B 283.5,Winter 2019,B 283 Discussion Group A|B 283 Discussion Group B|B 283 You Be the Consultant Group|
Small Business Creation,36176,C.Online.2019.Winter.B 283.6,Winter 2019,B 283 Discussion Group A|B 283 Discussion Group B|B 283 You Be the Consultant Group|
Small Business Creation,36178,C.Online.2019.Winter.B 283.7,Winter 2019,B 283 Discussion Group A|B 283 Discussion Group B|B 283 You Be the Consultant Group|
Small Business Creation,36180,C.Online.2019.Winter.B 283.8,Winter 2019,B 283 Discussion Group A|B 283 Discussion Group B|B 283 You Be the Consultant Group|
Small Business Creation,36182,C.Online.2019.Winter.B 283.9,Winter 2019,B 283 Discussion Group A|B 283 Discussion Group B|B 283 You Be the Consultant Group|
Financial Management,36184,C.Online.2019.Winter.B 301.2,Winter 2019,B 301 Case Group|
Financial Management,36186,C.Online.2019.Winter.B 301.3,Winter 2019,B 301 Case Group|
Financial Management,36188,C.Online.2019.Winter.B 301.4,Winter 2019,Sections|B 301 Case Group|
Financial Management,36190,C.Online.2019.Winter.B 301.5,Winter 2019,B 301 Case Group|
Financial Management,36192,C.Online.2019.Winter.B 301.6,Winter 2019,Discussion Board Groups|B 301 Case Group|
Financial Management,36194,C.Online.2019.Winter.B 301.7,Winter 2019,B 301 Case Group|
Financial Management,36196,C.Online.2019.Winter.B 301.8,Winter 2019,Discussions|B 301 Case Group|
Financial Management,39068,C.Online.2019.Winter.B 301.9,Winter 2019,B 301 Case Group|
Adv Writing in Pro Contexts,36208,C.Online.2019.Winter.B 320.10,Winter 2019,
Adv Writing in Pro Contexts,36210,C.Online.2019.Winter.B 320.11,Winter 2019,
Adv Writing in Pro Contexts,36212,C.Online.2019.Winter.B 320.12,Winter 2019,
Adv Writing in Pro Contexts,36214,C.Online.2019.Winter.B 320.13,Winter 2019,
Adv Writing in Pro Contexts,36216,C.Online.2019.Winter.B 320.14,Winter 2019,
Adv Writing in Pro Contexts,36218,C.Online.2019.Winter.B 320.15,Winter 2019,
Adv Writing in Pro Contexts,36220,C.Online.2019.Winter.B 320.16,Winter 2019,
Adv Writing in Pro Contexts,37326,C.Online.2019.Winter.B 320.17,Winter 2019,
Adv Writing in Pro Contexts,36222,C.Online.2019.Winter.B 320.18,Winter 2019,
Adv Writing in Pro Contexts,39070,C.Online.2019.Winter.B 320.19,Winter 2019,
Adv Writing in Pro Contexts,36224,C.Online.2019.Winter.B 320.20,Winter 2019,
Adv Writing in Pro Contexts,36198,C.Online.2019.Winter.B 320.5,Winter 2019,
Adv Writing in Pro Contexts,36200,C.Online.2019.Winter.B 320.6,Winter 2019,
Adv Writing in Pro Contexts,36202,C.Online.2019.Winter.B 320.7,Winter 2019,
Adv Writing in Pro Contexts,36204,C.Online.2019.Winter.B 320.8,Winter 2019,Elevator Speech Groups|
Adv Writing in Pro Contexts,36206,C.Online.2019.Winter.B 320.9,Winter 2019,
Organizational Effectiveness,35566,C.Online.2019.Winter.B 321.3,Winter 2019,B 321 Study Groups|
Social Media Marketing,38582,C.Online.2019.Winter.B 351.4,Winter 2019,Platform Pitches|Case Study Discussion|
Social Media Marketing,38584,C.Online.2019.Winter.B 351.5,Winter 2019,Platform Pitches|Case Study Discussion|
Social Media Marketing,38586,C.Online.2019.Winter.B 351.6,Winter 2019,Platform Pitches|Case Study Discussion|
Intro to International Business,35848,C.Online.2019.Winter.B 380.3,Winter 2019,B 380 Discussion Group|B 380 Project Group|
Intro to International Business,35850,C.Online.2019.Winter.B 380.4,Winter 2019,B 380 Discussion Group|B 380 Project Group|
Intro to International Business,35852,C.Online.2019.Winter.B 380.5,Winter 2019,B 380 Discussion Group|B 380 Project Group|
Intro to International Business,35854,C.Online.2019.Winter.B 380.6,Winter 2019,B 380 Discussion Group|B 380 Project Group|
Intro to International Business,35856,C.Online.2019.Winter.B 380.7,Winter 2019,B 380 Discussion Group|B 380 Project Group|
Intro to International Business,35858,C.Online.2019.Winter.B 380.8,Winter 2019,B 380 Discussion Group|B 380 Project Group|
Intro to International Business,35860,C.Online.2019.Winter.B 380.9,Winter 2019,B 380 Discussion Group|B 380 Project Group|
Launching New Ventures,35802,C.Online.2019.Winter.B 383.2,Winter 2019,B 383 Business Group |
Launching New Ventures,35804,C.Online.2019.Winter.B 383.3,Winter 2019,B 383 Business Group |
Launching New Ventures,35806,C.Online.2019.Winter.B 383.4,Winter 2019,B 383 Business Group |
Launching New Ventures,35808,C.Online.2019.Winter.B 383.5,Winter 2019,B 383 Business Group|
Launching New Ventures,35810,C.Online.2019.Winter.B 383.6,Winter 2019,B 383 Business Group |
Personal Finance,35700,C.Online.2019.Winter.B 433.2,Winter 2019,
Personal Finance,37632,C.Online.2019.Winter.B 433.4,Winter 2019,
Financing New Ventures,35574,C.Online.2019.Winter.B 475.2,Winter 2019,Discussion Groups|B 475 Business Plan Groups|
Financing New Ventures,35576,C.Online.2019.Winter.B 475.3,Winter 2019,Discusion Group 5|Discussion Group 4|Discussion Group 3|Discussion Group 2|Discussion Group 1|Discussion Groups|B 475 Business Plan Group|
General Microbiology,37202,C.Online.2019.Winter.BIO 221.4,Winter 2019,BIO 221 Disease Presentation Group|BIO 221 Topic Discussion Group|
General Microbiology,37204,C.Online.2019.Winter.BIO 221.5,Winter 2019,BIO 221 Disease Presentation Group|BIO 221 Topic Discussion Group|
Human Biology,35862,C.Online.2019.Winter.BIO 230.4,Winter 2019,BIO 230 Study Partnerships|
Human Biology,35864,C.Online.2019.Winter.BIO 230.5,Winter 2019,BIO 230 Study Partnerships|
Human Biology,35866,C.Online.2019.Winter.BIO 230.6,Winter 2019,BIO 230 Study Partnerships|
Human Biology,35868,C.Online.2019.Winter.BIO 230.7,Winter 2019,BIO 230 Study Partnerships|
Pathophysiology,37618,C.Online.2019.Winter.BIO 381.4,Winter 2019,BIO 381 Case Studies Groups|
Evolutionary Science,35578,C.Online.2019.Winter.BIO 475.4,Winter 2019,BIO 475 Discussion: Screencasts W02-03 Group|BIO 475 Discussion: Screencasts W05-07 Group|BIO 475 Discussion: Screencasts W09-11 Group|BIO 475 Discussion: The Church & Evolution Group|
Business Applications,38588,C.Online.2019.Winter.BUS 115.1,Winter 2019,Winter 2019|
Business Applications,38590,C.Online.2019.Winter.BUS 115.3,Winter 2019,
Introductory General Chemistry,35580,C.Online.2019.Winter.CHEM 101.9,Winter 2019,
Intro General Chemistry Lab,35582,C.Online.2019.Winter.CHEM 101L.3,Winter 2019,
Infant and Toddler Development,35870,C.Online.2019.Winter.CHILD 300.3,Winter 2019,CHILD 300 Discussion Group|
Infant and Toddler Development,35872,C.Online.2019.Winter.CHILD 300.4,Winter 2019,CHILD 300 Discussion Group|
Infant and Toddler Development,35874,C.Online.2019.Winter.CHILD 300.5,Winter 2019,CHILD 300 Discussion Group|
Infant and Toddler Development,37696,C.Online.2019.Winter.CHILD 300.6,Winter 2019,CHILD 300 Discussion Group|
Early/Middle Development,35702,C.Online.2019.Winter.CHILD 310.2,Winter 2019,CHILD 310 Discussion - Group|
Web Frontend Development,36226,C.Online.2019.Winter.CIT 230.14,Winter 2019,
Web Frontend Development,36228,C.Online.2019.Winter.CIT 230.15,Winter 2019,
Web Frontend Development,36230,C.Online.2019.Winter.CIT 230.16,Winter 2019,
Web Frontend Development,36232,C.Online.2019.Winter.CIT 230.17,Winter 2019,
Web Frontend Development,36234,C.Online.2019.Winter.CIT 230.18,Winter 2019,
Web Frontend Development,36236,C.Online.2019.Winter.CIT 230.19,Winter 2019,
Web Frontend Development,36238,C.Online.2019.Winter.CIT 230.20,Winter 2019,
Web Frontend Development,39368,C.Online.2019.Winter.CIT 230.21,Winter 2019,
Web Frontend Development,37328,C.Online.2019.Winter.CIT 230.22,Winter 2019,
Networking,39072,C.Online.2019.Winter.CIT 240.11,Winter 2019,
Networking,36240,C.Online.2019.Winter.CIT 240.4,Winter 2019,
Networking,36242,C.Online.2019.Winter.CIT 240.5,Winter 2019,
Networking,36244,C.Online.2019.Winter.CIT 240.6,Winter 2019,
Networking,36246,C.Online.2019.Winter.CIT 240.7,Winter 2019,
Networking,36248,C.Online.2019.Winter.CIT 240.8,Winter 2019,Discussion Board Group|
Network Design I,35704,C.Online.2019.Winter.CIT 241.3,Winter 2019,
Network Design I,35706,C.Online.2019.Winter.CIT 241.5,Winter 2019,
Object Oriented Programming,37376,C.Online.2019.Winter.CIT 260.5,Winter 2019,Pair Programming|
Object Oriented Programming,37378,C.Online.2019.Winter.CIT 260.6,Winter 2019,Pair Programming|
Object Oriented Programming,37380,C.Online.2019.Winter.CIT 260.7,Winter 2019,Pair Programming|
Object Oriented Programming,37382,C.Online.2019.Winter.CIT 260.8,Winter 2019,Pair Programming|
Object Oriented Programming,37384,C.Online.2019.Winter.CIT 260.9,Winter 2019,Pair Programming|
Mobile Application Development,36250,C.Online.2019.Winter.CIT 261.2,Winter 2019,CIT 261 Programing Team|
Mobile Application Development,36252,C.Online.2019.Winter.CIT 261.3,Winter 2019,CIT 261 Programing Team|
Mobile Application Development,36254,C.Online.2019.Winter.CIT 261.4,Winter 2019,CIT 261 Programing Team|
Mobile Application Development,36256,C.Online.2019.Winter.CIT 261.5,Winter 2019,CIT 261 Programing Team|
Systems Security I,35876,C.Online.2019.Winter.CIT 270.3,Winter 2019,CIT 270 Case Project Groups|
Systems Security I,35878,C.Online.2019.Winter.CIT 270.4,Winter 2019,CIT 270 Case Project Groups|
Systems Security I,35880,C.Online.2019.Winter.CIT 270.5,Winter 2019,CIT 270 Case Project Groups|
Systems Security I,35882,C.Online.2019.Winter.CIT 270.6,Winter 2019,Discussion Groups|CIT 270 Case Project Groups|
Systems Security I,39292,C.Online.2019.Winter.CIT 270.7,Winter 2019,CIT 270 Case Project Groups|
Database Programming,36258,C.Online.2019.Winter.CIT 325.2,Winter 2019,CIT 325 Presentation Group|
Database Programming,36260,C.Online.2019.Winter.CIT 325.3,Winter 2019,CIT 325 Presentation Group|
Web Backend Development,35708,C.Online.2019.Winter.CIT 336.2,Winter 2019,Learning Teams|
Operating Systems I,36262,C.Online.2019.Winter.CIT 352.2,Winter 2019,CIT 352 Question and Answer Forum|CIT 352 Partners|CIT 352 Hands-On Project Group|
Operating Systems I,36264,C.Online.2019.Winter.CIT 352.3,Winter 2019,CIT 352 Question and Answer Forum|CIT 352 Partners|CIT 352 Hands-On Project Group|
Operating Systems I,36266,C.Online.2019.Winter.CIT 352.4,Winter 2019,CIT 352 Question and Answer Forum|CIT 352 Partners|CIT 352 Hands-On Project Group|
Operating Systems II,39074,C.Online.2019.Winter.CIT 353.2,Winter 2019,CIT 353 Project Group|Teach One Another|
Operating Systems II,38592,C.Online.2019.Winter.CIT 353.3,Winter 2019,CIT 353 Project Group|Teach One Another|
Object-Oriented Software Develop,36268,C.Online.2019.Winter.CIT 360.2,Winter 2019,CIT 360 Groups|
Object-Oriented Software Develop,36270,C.Online.2019.Winter.CIT 360.3,Winter 2019,CIT 360 Groups|
.NET Software Development,35710,C.Online.2019.Winter.CIT 365.2,Winter 2019,CIT 365 Paired Programming|
Project Management,38620,C.Online.2019.Winter.CIT 380.4,Winter 2019,Structured Path|
Project Management,38622,C.Online.2019.Winter.CIT 380.5,Winter 2019,Structured Path|
Project Management,38624,C.Online.2019.Winter.CIT 380.6,Winter 2019,Structured Path|
Hardware Technician,38594,C.Online.2019.Winter.CITBC 102.1,Winter 2019,
Writing for Communication Career,36272,C.Online.2019.Winter.COMM 111.13,Winter 2019,
Writing for Communication Career,36274,C.Online.2019.Winter.COMM 111.14,Winter 2019,
Mass Media and Society,36276,C.Online.2019.Winter.COMM 140.5,Winter 2019,COMM 140 W02-06|COMM 140 W07-12|
Mass Media and Society,36278,C.Online.2019.Winter.COMM 140.6,Winter 2019,Comm 140 WK_03|COMM 140 W02-06|COMM 140 W07-12|
Interpersonal Theory & Practice,36280,C.Online.2019.Winter.COMM 150.11,Winter 2019,
Interpersonal Theory & Practice,36282,C.Online.2019.Winter.COMM 150.12,Winter 2019,
Interpersonal Theory & Practice,36284,C.Online.2019.Winter.COMM 150.13,Winter 2019,
Interpersonal Theory & Practice,36286,C.Online.2019.Winter.COMM 150.14,Winter 2019,
Interpersonal Theory & Practice,36288,C.Online.2019.Winter.COMM 150.15,Winter 2019,
Interpersonal Theory & Practice,37332,C.Online.2019.Winter.COMM 150.16,Winter 2019,
Communication Essentials,35712,C.Online.2019.Winter.COMM 175.6,Winter 2019,Study Group 1|Study Group 2|Study Group 3|
Professional Presentations,35714,C.Online.2019.Winter.COMM 273.9,Winter 2019,COMM 273 Weeks 2-5|COMM 273 Weeks 10-13|COMM 273 Weeks 6-9|
Ethics and Legal Issues,36290,C.Online.2019.Winter.COMM 307.3,Winter 2019,In Other Words Lesson 09|In Other Words Lesson 06|In Other Words Lesson 03|Meeting Groups|
Ethics and Legal Issues,36292,C.Online.2019.Winter.COMM 307.4,Winter 2019,In Other Words Lesson 09|In Other Words Lesson 06|In Other Words Lesson 03|Meeting Groups|
Creating Online Media,35884,C.Online.2019.Winter.COMM 310.3,Winter 2019,
Creating Online Media,35886,C.Online.2019.Winter.COMM 310.4,Winter 2019,
Creating Online Media,35888,C.Online.2019.Winter.COMM 310.5,Winter 2019,
Creating Online Media,35890,C.Online.2019.Winter.COMM 310.6,Winter 2019,
Construction Safety,37210,C.Online.2019.Winter.CONST 320.2,Winter 2019,CONST 320 Safety Meeting Project Group|
Construction Safety,37212,C.Online.2019.Winter.CONST 320.3,Winter 2019,CONST 320 Safety Meeting Project Group|
Construction Estimating,38596,C.Online.2019.Winter.CONST 330.2,Winter 2019,CONST 330 Study Group|
Intro to Programming,36294,C.Online.2019.Winter.CS 101.4,Winter 2019,CS 101 Final Project Group|
Intro to Programming,36296,C.Online.2019.Winter.CS 101.5,Winter 2019,CS 101 Final Project Group|
Intro to Programming,36298,C.Online.2019.Winter.CS 101.6,Winter 2019,CS 101 Final Project Group|
Intro to Programming,39076,C.Online.2019.Winter.CS 101.7,Winter 2019,CS 101 Final Project Group|
Intro to Software Development,36300,C.Online.2019.Winter.CS 124.16,Winter 2019,
Intro to Software Development,36302,C.Online.2019.Winter.CS 124.18,Winter 2019,
Intro to Software Development,36304,C.Online.2019.Winter.CS 124.19,Winter 2019,
Intro to Software Development,36306,C.Online.2019.Winter.CS 124.20,Winter 2019,
Intro to Software Development,37334,C.Online.2019.Winter.CS 124.21,Winter 2019,
Intro to Software Development,38628,C.Online.2019.Winter.CS 124.22,Winter 2019,
Object-Oriented Software Develop,35586,C.Online.2019.Winter.CS 165.11,Winter 2019,CS 165|
Object-Oriented Software Develop,35584,C.Online.2019.Winter.CS 165.9,Winter 2019,CS 165|
Web Engineering I,36308,C.Online.2019.Winter.CS 213.3,Winter 2019,CS 213 Discussion Group|
Web Engineering I,36310,C.Online.2019.Winter.CS 213.4,Winter 2019,CS 213 Discussion Group|
Web Engineering I,36312,C.Online.2019.Winter.CS 213.5,Winter 2019,CS 213 Discussion Group|
Data Structures,35892,C.Online.2019.Winter.CS 235.4,Winter 2019,
Data Structures,35894,C.Online.2019.Winter.CS 235.5,Winter 2019,
Data Structures,35896,C.Online.2019.Winter.CS 235.6,Winter 2019,
Survey Obj Ort Prog/Data Struct,35716,C.Online.2019.Winter.CS 241.3,Winter 2019,CS 241 Set|
Software Design and Development,35898,C.Online.2019.Winter.CS 246.4,Winter 2019, CS 246 Team Projects|
Software Design and Development,35900,C.Online.2019.Winter.CS 246.5,Winter 2019, CS 246 Team Projects|
Technical Communication,36314,C.Online.2019.Winter.CS 308.3,Winter 2019,CS 308 Weeks 8-14 |CS 308 Weeks 01-04|CS 308 Weeks 05-06|CS 308 Collaborative Group|
Technical Communication,36316,C.Online.2019.Winter.CS 308.4,Winter 2019,CS 308 Weeks 8-14 |CS 308 Weeks 01-04|CS 308 Weeks 05-06|CS 308 Collaborative Group|
Technical Communication,36318,C.Online.2019.Winter.CS 308.5,Winter 2019,CS 308 Weeks 8-14 |CS 308 Weeks 01-04|CS 308 Weeks 05-06|CS 308 Collaborative Group|
Software Engineering I,35718,C.Online.2019.Winter.CS 364.2,Winter 2019,CS 364 Class|
Human-Computer Interaction,36320,C.Online.2019.Winter.CS 371.2,Winter 2019,CS 371 Teach One Another|
Human-Computer Interaction,36322,C.Online.2019.Winter.CS 371.3,Winter 2019,CS 371 Teach One Another|
Human-Computer Interaction,36324,C.Online.2019.Winter.CS 371.4,Winter 2019,Class Groups|CS 371 Teach One Another|
Software Engineering II,37350,C.Online.2019.Winter.CS 416.2,Winter 2019,CS 416 Group|
Computer Security,36326,C.Online.2019.Winter.CS 470.2,Winter 2019,Project Groups|CS 470|
Computer Security,36328,C.Online.2019.Winter.CS 470.3,Winter 2019,Project Groups|CS 470|
Senior Project,35588,C.Online.2019.Winter.CS 499.2,Winter 2019,Set #02|Set #04|Set #01|Set #03|
"Senior Project, Part A",35590,C.Online.2019.Winter.CS 499A.2,Winter 2019,Set #03|Set #01|
"Senior Project, Part B",35592,C.Online.2019.Winter.CS 499B.2,Winter 2019,Set #02|Set #03|Set #01|Set #04|
Econ Principles & Problems Micro,37064,C.Online.2019.Winter.ECON 150.11,Winter 2019,Sections|
Econ Principles & Problems Micro,37066,C.Online.2019.Winter.ECON 150.12,Winter 2019,Groups of 4|Groups of 3|Sections|
Econ Principles & Problems Micro,37068,C.Online.2019.Winter.ECON 150.13,Winter 2019,
Econ Principles & Problems Micro,37070,C.Online.2019.Winter.ECON 150.14,Winter 2019,
Econ Principles & Problems Micro,37072,C.Online.2019.Winter.ECON 150.15,Winter 2019,
Econ Principles & Problems Micro,37074,C.Online.2019.Winter.ECON 150.16,Winter 2019,
Econ Principles & Problems Micro,37076,C.Online.2019.Winter.ECON 150.17,Winter 2019,
Econ Principles & Problems Micro,37078,C.Online.2019.Winter.ECON 150.18,Winter 2019,
Econ Principles & Problems Micro,37336,C.Online.2019.Winter.ECON 150.19,Winter 2019,
Econ Principles & Problems Micro,37698,C.Online.2019.Winter.ECON 150.20,Winter 2019,
Econ Principles & Problems Micro,39078,C.Online.2019.Winter.ECON 150.21,Winter 2019,
Econ Principles & Problems Micro,39294,C.Online.2019.Winter.ECON 150.23,Winter 2019,
Econ Principles & Problems-Macro,37200,C.Online.2019.Winter.ECON 151.12,Winter 2019,
Econ Principles & Problems-Macro,37198,C.Online.2019.Winter.ECON 151.8,Winter 2019,
Health Economics,37194,C.Online.2019.Winter.ECON 365.1,Winter 2019,Section Groups|ECON 365 Discussion Group|
Health Economics,37196,C.Online.2019.Winter.ECON 365.2,Winter 2019,ECON 365 Discussion Group|
History/Philosophy of Education,35902,C.Online.2019.Winter.ED 202.6,Winter 2019,ED 202 Discussion Groups|
History/Philosophy of Education,35904,C.Online.2019.Winter.ED 202.7,Winter 2019,ED 202 Discussion Groups|
Culture and Diversity,36330,C.Online.2019.Winter.ED 312.3,Winter 2019,Semester Project Collaboration|Small Group Discussions|
Culture and Diversity,36332,C.Online.2019.Winter.ED 312.4,Winter 2019,Semester Project Collaboration|Small Group Discussions|
Culture and Diversity,36334,C.Online.2019.Winter.ED 312.5,Winter 2019,Semester Project Collaboration|Small Group Discussions|
Basic Writing,36336,C.Online.2019.Winter.ENG 106.12,Winter 2019,ENG 106 Peer Feedback|
Basic Writing,36338,C.Online.2019.Winter.ENG 106.13,Winter 2019,ENG 106 Peer Feedback|
Basic Writing,36340,C.Online.2019.Winter.ENG 106.14,Winter 2019,ENG 106 Peer Feedback|
Basic Writing,36342,C.Online.2019.Winter.ENG 106.15,Winter 2019,ENG 106 Peer Feedback|
Fund of Literary Interpretation,39322,C.Online.2019.Winter.ENG 251.10,Winter 2019,
Fund of Literary Interpretation,35906,C.Online.2019.Winter.ENG 251.5,Winter 2019,ENG 251 Critical Analysis Group|ENG 251 Study Group|
Fund of Literary Interpretation,35908,C.Online.2019.Winter.ENG 251.6,Winter 2019,ENG 251 Critical Analysis Group|ENG 251 Study Group|
Fund of Literary Interpretation,35910,C.Online.2019.Winter.ENG 251.7,Winter 2019,ENG 251 Critical Analysis Group|ENG 251 Study Group|
Fund of Literary Interpretation,37714,C.Online.2019.Winter.ENG 251.9,Winter 2019,ENG 251 Critical Analysis Group|ENG 251 Study Group|
Adv Research & Literary Analysis,37716,C.Online.2019.Winter.ENG 314.10,Winter 2019,ENG 314 Journal of 19th Century British Literature Group|ENG 314 Journal of American Realism Group|ENG 314 Journal of Multicultural Literature Group|ENG 314 Journal of Myth and Legend Group|ENG 314 Journal of War Literature Group|ENG 314 Journal of Contemporary Fiction Group|
Adv Research & Literary Analysis,36344,C.Online.2019.Winter.ENG 314.5,Winter 2019,ENG 314 Journal of 19th Century British Literature Group|ENG 314 Journal of American Realism Group|ENG 314 Journal of Multicultural Literature Group|ENG 314 Journal of Myth and Legend Group|ENG 314 Journal of War Literature Group|ENG 314 Journal of Contemporary Fiction Group|
Adv Research & Literary Analysis,36346,C.Online.2019.Winter.ENG 314.6,Winter 2019,ENG 314 Journal of 19th Century British Literature Group|ENG 314 Journal of American Realism Group|ENG 314 Journal of Multicultural Literature Group|ENG 314 Journal of Myth and Legend Group|ENG 314 Journal of War Literature Group|ENG 314 Journal of Contemporary Fiction Group|
Adv Research & Literary Analysis,36348,C.Online.2019.Winter.ENG 314.7,Winter 2019,ENG 314 Journal of 19th Century British Literature Group|ENG 314 Journal of American Realism Group|ENG 314 Journal of Multicultural Literature Group|ENG 314 Journal of Myth and Legend Group|ENG 314 Journal of War Literature Group|ENG 314 Journal of Contemporary Fiction Group|
The Family,37338,C.Online.2019.Winter.FAML 100.10,Winter 2019,FAML100 W02-07 Discussion Group|FAML100 W08-13 Discussion Group|FAML 100 Zoom Group|
The Family,36350,C.Online.2019.Winter.FAML 100.3,Winter 2019,FAML100 W02-07 Discussion Group|FAML100 W08-13 Discussion Group|FAML 100 Zoom Group|
The Family,36352,C.Online.2019.Winter.FAML 100.4,Winter 2019,Sections|FAML100 W02-07 Discussion Group|FAML100 W08-13 Discussion Group|FAML 100 Zoom Group|
The Family,36354,C.Online.2019.Winter.FAML 100.5,Winter 2019,FAML100 W02-07 Discussion Group|FAML100 W08-13 Discussion Group|FAML 100 Zoom Group|
The Family,36356,C.Online.2019.Winter.FAML 100.6,Winter 2019,FAML100 W02-07 Discussion Group|FAML100 W08-13 Discussion Group|FAML 100 Zoom Group|
The Family,36358,C.Online.2019.Winter.FAML 100.7,Winter 2019,FAML100 W02-07 Discussion Group|FAML100 W08-13 Discussion Group|FAML 100 Zoom Group|
The Family,36360,C.Online.2019.Winter.FAML 100.8,Winter 2019,FAML100 W02-07 Discussion Group|FAML100 W08-13 Discussion Group|FAML 100 Zoom Group|
The Family,39080,C.Online.2019.Winter.FAML 100.9,Winter 2019,FAML100 W02-07 Discussion Group|FAML100 W08-13 Discussion Group|FAML 100 Zoom Group|
Marriage Skills,37036,C.Online.2019.Winter.FAML 110.1,Winter 2019,
Marriage Skills,37038,C.Online.2019.Winter.FAML 110.2,Winter 2019,
Marriage Skills,37040,C.Online.2019.Winter.FAML 110.3,Winter 2019,
Marriage Skills,37042,C.Online.2019.Winter.FAML 110.4,Winter 2019,
Marriage Skills,37044,C.Online.2019.Winter.FAML 110.5,Winter 2019,
Marriage Skills,37046,C.Online.2019.Winter.FAML 110.6,Winter 2019,Discussion Groups|
Intro Marriage & Family Studies,35984,C.Online.2019.Winter.FAML 150.3,Winter 2019,FAML150 W05 Ethics Analysis Paper|
Family Relations,36374,C.Online.2019.Winter.FAML 160.10,Winter 2019,FAML 160 Reflective Journal Group|FAML 160 Discussion Group|
Family Relations,37340,C.Online.2019.Winter.FAML 160.11,Winter 2019,discussion|journal|
Family Relations,37756,C.Online.2019.Winter.FAML 160.12,Winter 2019,FAML 160 Reflective Journal Group|FAML 160 Discussion Group|
Family Relations,39082,C.Online.2019.Winter.FAML 160.13,Winter 2019,FAML 160 Reflective Journal Group|FAML 160 Discussion Group|
Family Relations,36362,C.Online.2019.Winter.FAML 160.3,Winter 2019,FAML 160 Reflective Journal Group|FAML 160 Discussion Group|
Family Relations,36364,C.Online.2019.Winter.FAML 160.4,Winter 2019,FAML 160 Reflective Journal Group|FAML 160 Discussion Group|
Family Relations,36366,C.Online.2019.Winter.FAML 160.5,Winter 2019,FAML 160 Reflective Journal Group|FAML 160 Discussion Group|
Family Relations,36368,C.Online.2019.Winter.FAML 160.7,Winter 2019,FAML 160 Reflective Journal Group|FAML 160 Discussion Group|
Family Relations,36370,C.Online.2019.Winter.FAML 160.8,Winter 2019,FAML 160 Reflective Journal Group|FAML 160 Discussion Group|
Family Relations,36372,C.Online.2019.Winter.FAML 160.9,Winter 2019,FAML 160 Reflective Journal Group|FAML 160 Discussion Group|
Preparation for Marriage,35594,C.Online.2019.Winter.FAML 200.5,Winter 2019,FAML200 W01-12 Discussion Group|
Marriage,36386,C.Online.2019.Winter.FAML 300.10,Winter 2019,FAML300 W02-07 Discussion Group|FAML300 W08-13 Discussion Group|
Marriage,36376,C.Online.2019.Winter.FAML 300.4,Winter 2019,FAML300 W02-07 Discussion Group|FAML300 W08-13 Discussion Group|
Marriage,36378,C.Online.2019.Winter.FAML 300.5,Winter 2019,FAML300 W02-07 Discussion Group|FAML300 W08-13 Discussion Group|
Marriage,36380,C.Online.2019.Winter.FAML 300.7,Winter 2019,FAML300 W02-07 Discussion Group|FAML300 W08-13 Discussion Group|
Marriage,36382,C.Online.2019.Winter.FAML 300.8,Winter 2019,FAML300 W02-07 Discussion Group|FAML300 W08-13 Discussion Group|
Marriage,36384,C.Online.2019.Winter.FAML 300.9,Winter 2019,FAML300 W02-07 Discussion Group|FAML300 W08-13 Discussion Group|
Family Stress and Coping,35720,C.Online.2019.Winter.FAML 360.2,Winter 2019,FAML 360 W01-12 Individual Case Study - Group|FAML 360 W12 Case Study #5 - SSU Group|FAML 360 Week 08-13 Discussion - Group| FAML 360 W06 Case Study #2 - SSU Group|FAML 360 W10 Simulated Family Therapy - SSU Group|FAML 360 Week 02-07 Discussion - Group|
Family Stress and Coping,35722,C.Online.2019.Winter.FAML 360.7,Winter 2019,FAML 360 W01-12 Individual Case Study - Group|FAML 360 W12 Case Study #5 - SSU Group|FAML 360 Week 08-13 Discussion - Group| FAML 360 W06 Case Study #2 - SSU Group|FAML 360 W10 Simulated Family Therapy - SSU Group|FAML 360 Week 02-07 Discussion - Group|
The Helping Relationship,38598,C.Online.2019.Winter.FAML 420.2,Winter 2019,FAML 420 Role Play Group (W07-W13)|FAML 420 Role Play Group (W03-W06)|
The Helping Relationship,38600,C.Online.2019.Winter.FAML 420.3,Winter 2019,FAML 420 Role Play Group (W07-W13)|FAML 420 Role Play Group (W03-W06)|
The Helping Relationship,38602,C.Online.2019.Winter.FAML 420.4,Winter 2019,Students in the Course|FAML 420 Role Play Group (W07-W13)|FAML 420 Role Play Group (W03-W06)|
Intro Family & Consumer Sci,36388,C.Online.2019.Winter.FCS 101.1,Winter 2019,FCS 101 W02/W03 Discussion Group |FCS 101 Group Presentations|
Intro Family & Consumer Sci,36390,C.Online.2019.Winter.FCS 101.2,Winter 2019,FCS 101 W02/W03 Discussion Group |FCS 101 Group Presentations|
Food Safety and Sanitation,36900,C.Online.2019.Winter.FCS 110.2,Winter 2019,FCS 110 Group Discussion|
Apparel Construction I,35596,C.Online.2019.Winter.FCS 207.1,Winter 2019,Discussion Group|
Pattern Making,35758,C.Online.2019.Winter.FCS 245.1,Winter 2019,FCS 245 Patterning/Fitting |FCS 245 Princess Line|FCS 245 Sewing Circle|
American Foundations,37206,C.Online.2019.Winter.FDAMF 101.18,Winter 2019,FDAMF 101 W02-W03 Discussions Group|FDAMF 101 W04-W13 Discussions Group|
Writing & Reasoning Foundations,35752,C.Online.2019.Winter.FDENG 101.A2,Winter 2019,Random group|FDENG 101 Set #02|FDENG 101 Set #01|FDENG 101 Set #03|FDENG 101 Set #04|FDENG 101 Semester Groups|
Writing & Reasoning Foundations,35754,C.Online.2019.Winter.FDENG 101.G1,Winter 2019,FDENG 101 Set #02|FDENG 101 Set #01|FDENG 101 Set #03|FDENG 101 Set #04|FDENG 101 Semester Groups|
Advanced Writing and Research,37156,C.Online.2019.Winter.FDENG 301.D8,Winter 2019,FDENG 301 Jury Vote Group|FDENG 301 Discussion Group|
Foundations of Humanities,36392,C.Online.2019.Winter.FDHUM 110.21,Winter 2019,Section Introductions|Sections|Discussion Group Set 2|Discussion Group Set 1|Discussion Group|FDHUM 110 Discussion Set #01|FDHUM 110 Discussion Set #02|FDHUM 110 Discussion Set #03|FDHUM 110 Discussion Set #04|
Foundations of Humanities,36394,C.Online.2019.Winter.FDHUM 110.22,Winter 2019,Discussion Boards|FDHUM 110 Discussion Set #01|FDHUM 110 Discussion Set #02|FDHUM 110 Discussion Set #03|FDHUM 110 Discussion Set #04|
Foundations of Humanities,36396,C.Online.2019.Winter.FDHUM 110.23,Winter 2019,FDHUM 110 Discussion Set #01|FDHUM 110 Discussion Set #02|FDHUM 110 Discussion Set #03|FDHUM 110 Discussion Set #04|
Foundations of Humanities,36398,C.Online.2019.Winter.FDHUM 110.24,Winter 2019,FDHUM 110 Discussion Set #01|FDHUM 110 Discussion Set #02|FDHUM 110 Discussion Set #03|FDHUM 110 Discussion Set #04|
Foundations of Humanities,36400,C.Online.2019.Winter.FDHUM 110.25,Winter 2019,FDHUM 110 Discussion Set #01|FDHUM 110 Discussion Set #02|FDHUM 110 Discussion Set #03|FDHUM 110 Discussion Set #04|
Foundations of Humanities,36402,C.Online.2019.Winter.FDHUM 110.26,Winter 2019,Sections|FDHUM 110 Discussion Set #01|FDHUM 110 Discussion Set #02|FDHUM 110 Discussion Set #03|FDHUM 110 Discussion Set #04|
Foundations of Humanities,36404,C.Online.2019.Winter.FDHUM 110.27,Winter 2019,FDHUM 110 Discussion Set #01|FDHUM 110 Discussion Set #02|FDHUM 110 Discussion Set #03|FDHUM 110 Discussion Set #04|
Foundations of Humanities,36406,C.Online.2019.Winter.FDHUM 110.28,Winter 2019,FDHUM 110 Discussion Set #01|FDHUM 110 Discussion Set #02|FDHUM 110 Discussion Set #03|FDHUM 110 Discussion Set #04|
Foundations of Humanities,36408,C.Online.2019.Winter.FDHUM 110.29,Winter 2019,FDHUM 110 Discussion Set #01|FDHUM 110 Discussion Set #02|FDHUM 110 Discussion Set #03|FDHUM 110 Discussion Set #04|
Foundations of Humanities,39084,C.Online.2019.Winter.FDHUM 110.30,Winter 2019,FDHUM 110 Discussion Set #01|
Foundations of Humanities,36410,C.Online.2019.Winter.FDHUM 110.31,Winter 2019,FDHUM 110 Discussion Set #01|FDHUM 110 Discussion Set #02|FDHUM 110 Discussion Set #03|FDHUM 110 Discussion Set #04|
Foundations of Humanities,36412,C.Online.2019.Winter.FDHUM 110.32,Winter 2019,FDHUM 110 Discussion Set #01|FDHUM 110 Discussion Set #02|FDHUM 110 Discussion Set #03|FDHUM 110 Discussion Set #04|
Foundations of Humanities,36414,C.Online.2019.Winter.FDHUM 110.33,Winter 2019,FDHUM 110 Discussion Set #01|FDHUM 110 Discussion Set #02|FDHUM 110 Discussion Set #03|FDHUM 110 Discussion Set #04|
Foundations of Humanities,36416,C.Online.2019.Winter.FDHUM 110.34,Winter 2019,FDHUM 110 Discussion Set #01|FDHUM 110 Discussion Set #02|FDHUM 110 Discussion Set #03|FDHUM 110 Discussion Set #04|
Foundations of Humanities,37344,C.Online.2019.Winter.FDHUM 110.35,Winter 2019,FDHUM 110 Discussion Set #01|FDHUM 110 Discussion Set #02|FDHUM 110 Discussion Set #03|FDHUM 110 Discussion Set #04|
Foundations of Humanities,37342,C.Online.2019.Winter.FDHUM 110.36,Winter 2019,FDHUM 110 Discussion Set #01|FDHUM 110 Discussion Set #02|FDHUM 110 Discussion Set #03|FDHUM 110 Discussion Set #04|
Foundations of Humanities,37700,C.Online.2019.Winter.FDHUM 110.37,Winter 2019,FDHUM 110 Discussion Set #01|FDHUM 110 Discussion Set #02|FDHUM 110 Discussion Set #03|FDHUM 110 Discussion Set #04|
Foundations of Humanities,36418,C.Online.2019.Winter.FDHUM 110.38,Winter 2019,FDHUM 110 Discussion Set #01|FDHUM 110 Discussion Set #02|FDHUM 110 Discussion Set #03|FDHUM 110 Discussion Set #04|
Foundations of Humanities,36420,C.Online.2019.Winter.FDHUM 110.39,Winter 2019,FDHUM 110 Discussion Set #01|FDHUM 110 Discussion Set #02|FDHUM 110 Discussion Set #03|FDHUM 110 Discussion Set #04|
Foundations of Humanities,36422,C.Online.2019.Winter.FDHUM 110.40,Winter 2019,FDHUM 110 Discussion Set #01|FDHUM 110 Discussion Set #02|FDHUM 110 Discussion Set #03|FDHUM 110 Discussion Set #04|
Foundations of Humanities,39296,C.Online.2019.Winter.FDHUM 110.41,Winter 2019,FDHUM 110 Discussion Set #01|FDHUM 110 Discussion Set #02|FDHUM 110 Discussion Set #03|FDHUM 110 Discussion Set #04|
Foundations of Humanities,39356,C.Online.2019.Winter.FDHUM 110.42,Winter 2019,
Global Hotspot: Pakistan,36436,C.Online.2019.Winter.FDINT 211.10,Winter 2019,Case Study|Choose Your Position|
Global Hotspot: Pakistan,36438,C.Online.2019.Winter.FDINT 211.11,Winter 2019,Case Study|Choose Your Position|
Global Hotspot: Pakistan,36440,C.Online.2019.Winter.FDINT 211.12,Winter 2019,Case Study|Choose Your Position|
Global Hotspot: Pakistan,36442,C.Online.2019.Winter.FDINT 211.13,Winter 2019,Case Study|Choose Your Position|
Global Hotspot: Pakistan,36444,C.Online.2019.Winter.FDINT 211.14,Winter 2019,Case Study|Choose Your Position|
Global Hotspot: Pakistan,37346,C.Online.2019.Winter.FDINT 211.15,Winter 2019,Case Study|Choose Your Position|
Global Hotspot: Pakistan,39086,C.Online.2019.Winter.FDINT 211.16,Winter 2019,Case Study|Choose Your Position|
Global Hotspot: Pakistan,39088,C.Online.2019.Winter.FDINT 211.17,Winter 2019,Case Study|Choose Your Position|
Global Hotspot: Pakistan,39302,C.Online.2019.Winter.FDINT 211.18,Winter 2019,Case Study|Choose Your Position|
Global Hotspot: Pakistan,36424,C.Online.2019.Winter.FDINT 211.4,Winter 2019,FDINT 211 Choose Your Position - Group|FDINT 211 Case Study - Group|
Global Hotspot: Pakistan,36426,C.Online.2019.Winter.FDINT 211.5,Winter 2019,FDINT 211 Choose Your Position - Group|FDINT 211 Case Study - Group|
Global Hotspot: Pakistan,36428,C.Online.2019.Winter.FDINT 211.6,Winter 2019,Case Study|Choose Your Position|
Global Hotspot: Pakistan,36430,C.Online.2019.Winter.FDINT 211.7,Winter 2019,Case Study|Choose Your Position|
Global Hotspot: Pakistan,36432,C.Online.2019.Winter.FDINT 211.8,Winter 2019,FDINT 211 Choose Your Position - Group|FDINT 211 Case Study - Group|
Global Hotspot: Pakistan,36434,C.Online.2019.Winter.FDINT 211.9,Winter 2019,Case Study|Choose Your Position|
Math for the Real World,36848,C.Online.2019.Winter.FDMAT 108.64,Winter 2019,FDMAT 108 Growth Mindset DB|FDMAT 108 Scripture Conditional Statements DB|Weekly Meeting Groups|
Math for the Real World,36850,C.Online.2019.Winter.FDMAT 108.65,Winter 2019,Growth Mindset Groups|FDMAT 108 Scripture Conditional Statements DB|Weekly Meeting Groups|
Math for the Real World,36852,C.Online.2019.Winter.FDMAT 108.66,Winter 2019,Week 1 Growth Mindset Discussion Groups|Weekly Meeting Groups|
Math for the Real World,36854,C.Online.2019.Winter.FDMAT 108.67,Winter 2019,Growth Mindset DB|Weekly Meeting Groups|
Math for the Real World,36856,C.Online.2019.Winter.FDMAT 108.68,Winter 2019,Growth Mindset Discussion Group|FDMAT 108 Scripture Conditional Statements DB|Weekly Meeting Groups|
Math for the Real World,36858,C.Online.2019.Winter.FDMAT 108.69,Winter 2019,Growth Mindset DB|FDMAT 108 Scripture Conditional Statements DB|Weekly Meeting Groups|
Math for the Real World,36860,C.Online.2019.Winter.FDMAT 108.70,Winter 2019,FDMAT 108 Scripture Conditional Statements DB|Weekly Meeting Groups|
Math for the Real World,36862,C.Online.2019.Winter.FDMAT 108.71,Winter 2019,Gowth Mindset|FDMAT 108 Scripture Conditional Statements DB|Weekly Meeting Groups|
Math for the Real World,36864,C.Online.2019.Winter.FDMAT 108.73,Winter 2019,Growth Mindset|FDMAT 108 Scripture Conditional Statements DB|Weekly Meeting Groups|
Math for the Real World,36866,C.Online.2019.Winter.FDMAT 108.74,Winter 2019,FDMAT 108 Scripture Conditional Statements DB|Weekly Meeting Groups|
Math for the Real World,36868,C.Online.2019.Winter.FDMAT 108.75,Winter 2019,FDMAT 108 Scripture Conditional Statements DB|Weekly Meeting Groups|
Math for the Real World,36870,C.Online.2019.Winter.FDMAT 108.76,Winter 2019,Week 1 Groups|FDMAT 108 Scripture Conditional Statements DB|Weekly Meeting Groups|
Math for the Real World,36872,C.Online.2019.Winter.FDMAT 108.77,Winter 2019,FDMAT 108 Scripture Conditional Statements DB|Weekly Meeting Groups|
Math for the Real World,36874,C.Online.2019.Winter.FDMAT 108.78,Winter 2019,Growth Mindset DB|Weekly Meeting Groups|
Math for the Real World,36876,C.Online.2019.Winter.FDMAT 108.79,Winter 2019,FDMAT 108 Scripture Conditional Statements DB|Weekly Meeting Groups|
Math for the Real World,36878,C.Online.2019.Winter.FDMAT 108.80,Winter 2019,Growth Mindset Discussion Board|Weekly Meeting Groups|
Math for the Real World,36880,C.Online.2019.Winter.FDMAT 108.81,Winter 2019,Growth Mindset DB|FDMAT 108 Scripture Conditional Statements DB|Weekly Meeting Groups|
Math for the Real World,36882,C.Online.2019.Winter.FDMAT 108.82,Winter 2019,Growth Mindset Discussion Board|Weekly Meeting Groups|
Math for the Real World,36884,C.Online.2019.Winter.FDMAT 108.83,Winter 2019,Growth Mindset|FDMAT 108 Scripture Conditional Statements DB|Weekly Meeting Groups|
Math for the Real World,36886,C.Online.2019.Winter.FDMAT 108.84,Winter 2019,Growth Mindset Discussion Board|Weekly Meeting Groups|
Math for the Real World,36888,C.Online.2019.Winter.FDMAT 108.85,Winter 2019,Growth Mindset|FDMAT 108 Scripture Conditional Statements DB|Weekly Meeting Groups|
Math for the Real World,36890,C.Online.2019.Winter.FDMAT 108.86,Winter 2019,Growth Mindset DB|Weekly Meeting Groups|
Math for the Real World,36892,C.Online.2019.Winter.FDMAT 108.87,Winter 2019,FDMAT 108 Scripture Conditional Statements DB|Weekly Meeting Groups|
Math for the Real World,39090,C.Online.2019.Winter.FDMAT 108.88,Winter 2019,FDMAT 108 Scripture Conditional Statements DB|Weekly Meeting Groups|
Math for the Real World,39298,C.Online.2019.Winter.FDMAT 108.89,Winter 2019,FDMAT 108 Scripture Conditional Statements DB|Weekly Meeting Groups|
Math for the Real World,39374,C.Online.2019.Winter.FDMAT 108.90,Winter 2019,
Math for the Real World,39376,C.Online.2019.Winter.FDMAT 108.91,Winter 2019,
Math for the Real World,36894,C.Online.2019.Winter.FDMAT 108.95,Winter 2019,Growth Mindset Discussion Board|Weekly Meeting Groups|
Math for the Real World,36896,C.Online.2019.Winter.FDMAT 108.96,Winter 2019,FDMAT 108 Scripture Conditional Statements DB|Weekly Meeting Groups|
Book of Mormon,35598,C.Online.2019.Winter.FDREL 121.12,Winter 2019,FDREL 121 W01-07 Discussion Group|FDREL 121 W08-14 Discussion Group|
Book of Mormon,39360,C.Online.2019.Winter.FDREL 121.20,Winter 2019,
Book of Mormon,35600,C.Online.2019.Winter.FDREL 122.12,Winter 2019,FDREL 122 W01-07 Discussion Group|FDREL 122 W08-14 Discussion Group|
Book of Mormon,37712,C.Online.2019.Winter.FDREL 122.17,Winter 2019,FDREL 122 W01-07 Discussion Group|FDREL 122 W08-14 Discussion Group|
Missionary Preparation,35986,C.Online.2019.Winter.FDREL 130.11,Winter 2019,FDREL 130B District Group|FDREL 130B Wk2 District Group|FDREL 130B Companionship Group|
New Testament,37312,C.Online.2019.Winter.FDREL 211.19,Winter 2019,FDREL 211 W08-14 Discussion Group|FDREL 211 W01-07 Discussion Group|
Jesus Christ Everlasting Gospel,36038,C.Online.2019.Winter.FDREL 250.41,Winter 2019,FDREL 250 W01-07 Discussion Group|FDREL 250 W08-14 Discussion Group|
Old Testament,35750,C.Online.2019.Winter.FDREL 301.13,Winter 2019,FDREL 301 W08-14 Discussion Group|FDREL 301 W01-07 Discussion Group|
Doctrine and Covenants,35912,C.Online.2019.Winter.FDREL 324.13,Winter 2019,FDREL 324 W08-13 Discussion Group|FDREL 324 W02-07 Discussion Group|
Doctrine and Covenants,35914,C.Online.2019.Winter.FDREL 324.14,Winter 2019,FDREL 324 W08-13 Discussion Group|FDREL 324 W02-07 Discussion Group|
Doctrine and Covenants,35916,C.Online.2019.Winter.FDREL 324.15,Winter 2019,FDREL 324 W08-13 Discussion Group|FDREL 324 W02-07 Discussion Group|
Doctrine and Covenants,35918,C.Online.2019.Winter.FDREL 324.16,Winter 2019,FDREL 324 W08-13 Discussion Group|FDREL 324 W02-07 Discussion Group|
Doctrine and Covenants,35604,C.Online.2019.Winter.FDREL 325.10,Winter 2019,FDREL 325 W02-07 Discussion Group|FDREL 325 W07-14 Discussion Group|
Doctrine and Covenants,35602,C.Online.2019.Winter.FDREL 325.9,Winter 2019,FDREL 325 W02-07 Discussion Group|FDREL 325 W07-14 Discussion Group|
Natural Disasters,35748,C.Online.2019.Winter.FDSCI 201.5,Winter 2019,FDSCI 201 W02 & 03 Group|FDSCI 201 W09 & 11 Group |FDSCI 201 W05 & 07 Group |FDSCI 201 Earthquake Presentations (W04)|FDSCI 201 Volcano Presentations (W06)|FDSCI 201 Landslide Presentations (W08)|FDSCI 201 Flood Presentations (W10)|FDSCI 201 Tornado & Hurricane Presentations (W12)|
"DNA: Identity, Disease, Design",37080,C.Online.2019.Winter.FDSCI 205.5,Winter 2019,Small groups|FDSCI 205 Small Discussion - Group|FDSCI 205 Large Discussion - Group|
"DNA: Identity, Disease, Design",37082,C.Online.2019.Winter.FDSCI 205.6,Winter 2019,FDSCI 205 Small Discussion - Group|FDSCI 205 Large Discussion - Group|
"DNA: Identity, Disease, Design",37084,C.Online.2019.Winter.FDSCI 205.7,Winter 2019,FDSCI 205 Small Discussion - Group|FDSCI 205 Large Discussion - Group|
"DNA: Identity, Disease, Design",37086,C.Online.2019.Winter.FDSCI 205.8,Winter 2019,FDSCI 205 Small Discussion - Group|FDSCI 205 Large Discussion - Group|
Intro to F.H. Part One: Rcrd Grp,36548,C.Online.2019.Winter.FHGEN 111.1,Winter 2019,FHGEN 111 W02 Discussion Group|FHGEN 111 W08-12 Discussion Group|FHGEN 111 W03-07 Discussion Group|
Intro to F.H. Part One: Rcrd Grp,36550,C.Online.2019.Winter.FHGEN 111.2,Winter 2019,FHGEN 111 W02 Discussion Group|FHGEN 111 W08-12 Discussion Group|FHGEN 111 W03-07 Discussion Group|
Intro to F.H. Part One: Rcrd Grp,36552,C.Online.2019.Winter.FHGEN 111.3,Winter 2019,FHGEN 111 W02 Discussion Group|FHGEN 111 W08-12 Discussion Group|FHGEN 111 W03-07 Discussion Group|
Intro to F.H. Part One: Rcrd Grp,36554,C.Online.2019.Winter.FHGEN 111.4,Winter 2019,FHGEN 111 W02 Discussion Group|FHGEN 111 W08-12 Discussion Group|FHGEN 111 W03-07 Discussion Group|
Intro to F.H. Part Two: Analysis,36556,C.Online.2019.Winter.FHGEN 112.1,Winter 2019,FHGEN 112 Discussions W03-07|FHGEN 112 Discussions W08-13|
Intro to F.H. Part Two: Analysis,36558,C.Online.2019.Winter.FHGEN 112.2,Winter 2019,FHGEN 112 Discussions W03-07|FHGEN 112 Discussions W08-13|
Intro to F.H. Part Two: Analysis,36560,C.Online.2019.Winter.FHGEN 112.3,Winter 2019,FHGEN 112 Discussions W03-07|FHGEN 112 Discussions W08-13|
Intro to F.H. Part Two: Analysis,38630,C.Online.2019.Winter.FHGEN 112.4,Winter 2019,FHGEN 112 Discussions W03-07|FHGEN 112 Discussions W08-13|
Internet and Computer Skills,37130,C.Online.2019.Winter.FHGEN 120.1,Winter 2019,
Internet and Computer Skills,37132,C.Online.2019.Winter.FHGEN 120.2,Winter 2019,
Internet and Computer Skills,37134,C.Online.2019.Winter.FHGEN 120.3,Winter 2019,
Internet and Computer Skills,37702,C.Online.2019.Winter.FHGEN 120.4,Winter 2019,
Paleography,35920,C.Online.2019.Winter.FHGEN 130.1,Winter 2019,FHGEN 130 VI|FHGEN 130 III|FHGEN 130 II|Sections|FHGEN 130 Group|
Paleography,35922,C.Online.2019.Winter.FHGEN 130.2,Winter 2019,FHGEN 130 Group|
Paleography,35924,C.Online.2019.Winter.FHGEN 130.3,Winter 2019,5 FHGEN 130|Ice Breaker|4 FHGEN 130|3 FHGEN 130|2 FHGEN 130|FHGEN 130 Group|
Paleography,35926,C.Online.2019.Winter.FHGEN 130.4,Winter 2019,FHGEN 130 Group|
Paleography,37628,C.Online.2019.Winter.FHGEN 130.5,Winter 2019,FHGEN 130 Group|
Genealogical Writing,37136,C.Online.2019.Winter.FHGEN 140.1,Winter 2019,
Genealogical Writing,37138,C.Online.2019.Winter.FHGEN 140.2,Winter 2019,Week 3|Week 2|Week 1|
Genealogical Writing,37140,C.Online.2019.Winter.FHGEN 140.3,Winter 2019,Group|
Genealogical Writing,39092,C.Online.2019.Winter.FHGEN 140.4,Winter 2019,
The Family and Society,36562,C.Online.2019.Winter.FHGEN 160.1,Winter 2019,FHGEN 160 W01-04 Discussion Group|FHGEN 160 W05-07 Discussion Group|FHGEN 160 W08-10 Discussion Group|FHGEN 160 W11-13 Discussion Group|
The Family and Society,36564,C.Online.2019.Winter.FHGEN 160.2,Winter 2019,FHGEN 160 W01-04 Discussion Group|FHGEN 160 W05-07 Discussion Group|FHGEN 160 W08-10 Discussion Group|FHGEN 160 W11-13 Discussion Group|
Geog Spec Course 2: US Research 2,35746,C.Online.2019.Winter.FHGEN 252A.1,Winter 2019,Set 1|
Geog Spec Course 2: B.I. Part 2,35744,C.Online.2019.Winter.FHGEN 252B.1,Winter 2019,Set #04|Set #02|Set #01|Set #03|
Physical Geology,35742,C.Online.2019.Winter.GEOL 111.2,Winter 2019,GEOL 111 Learning Team|GEOL 111 Discussions Wk 1-7 Group|GEOL 111 Discussions Wk 8-13 Group|
Physical Geology,39300,C.Online.2019.Winter.GEOL 111.3,Winter 2019,GEOL 111 Learning Team|GEOL 111 Discussions Wk 1-7 Group|GEOL 111 Discussions Wk 8-13 Group|
Personal Achievement,37208,C.Online.2019.Winter.GS 101.2,Winter 2019,GS 101 Discussion Weeks 2-4 Group|GS 101 Discussion Weeks 5-7 Group|GS 101 Discussion Weeks 8-10 Group|GS 101 Discussion Weeks 11-12 Group|
Study and Life Skills,36566,C.Online.2019.Winter.GS 105.11,Winter 2019,
Study and Life Skills,39094,C.Online.2019.Winter.GS 105.12,Winter 2019,
Realize Vision,35988,C.Online.2019.Winter.GS 111.1,Winter 2019,GS 111 Discussion Set #1 - Group|GS 111 Discussion Set #2 - Group|GS 111 Discussion Set #3 - Group|GS 111 Discussion Set #4 - Group|
Decision Making and Leadership,35606,C.Online.2019.Winter.GS 294.1,Winter 2019,Discussion Board Groups|
Decision Making and Leadership,37718,C.Online.2019.Winter.GS 294.3,Winter 2019,
Personal Health & Fitness,36572,C.Online.2019.Winter.HRHP 131.10,Winter 2019,HRHP 131 Discussion Group|
Personal Health & Fitness,36574,C.Online.2019.Winter.HRHP 131.11,Winter 2019,HRHP 131 Discussion Group|
Personal Health & Fitness,36576,C.Online.2019.Winter.HRHP 131.12,Winter 2019,HRHP 131 Discussion Group|
Personal Health & Fitness,36578,C.Online.2019.Winter.HRHP 131.13,Winter 2019,HRHP 131 Discussion Group|
Personal Health & Fitness,36580,C.Online.2019.Winter.HRHP 131.14,Winter 2019,HRHP 131 Discussion Group|
Personal Health & Fitness,36582,C.Online.2019.Winter.HRHP 131.15,Winter 2019,HRHP 131 Discussion Group|
Personal Health & Fitness,36584,C.Online.2019.Winter.HRHP 131.16,Winter 2019,HRHP 131 Discussion Group|
Personal Health & Fitness,36586,C.Online.2019.Winter.HRHP 131.18,Winter 2019,HRHP 131 Discussion Group|
Personal Health & Fitness,37348,C.Online.2019.Winter.HRHP 131.19,Winter 2019,HRHP 131 Discussion Group|
Personal Health & Fitness,39096,C.Online.2019.Winter.HRHP 131.20,Winter 2019,HRHP 131 Discussion Group|
Personal Health & Fitness,39350,C.Online.2019.Winter.HRHP 131.21,Winter 2019,HRHP 131 Discussion Group|
Personal Health & Fitness,36568,C.Online.2019.Winter.HRHP 131.8,Winter 2019,HRHP 131 Discussion Group|
Personal Health & Fitness,36570,C.Online.2019.Winter.HRHP 131.9,Winter 2019,HRHP 131 Discussion Group|
Intro to Community Health,36588,C.Online.2019.Winter.HS 240.3,Winter 2019,Students Section3|Week 04 Partners|Week 09 Partners|
Intro to Community Health,36590,C.Online.2019.Winter.HS 240.4,Winter 2019,Week 04 Partners|Week 09 Partners|
Intro to Community Health,36592,C.Online.2019.Winter.HS 240.5,Winter 2019,Week 04 Partners|Week 09 Partners|
Intro to Community Health,36594,C.Online.2019.Winter.HS 240.6,Winter 2019,Week 04 Partners|Week 09 Partners|
Environmental Health,35740,C.Online.2019.Winter.HS 310.3,Winter 2019,Set #02|Set #03|Set #04|Set #01|Week 10 Survey|
Communicable & Non-Comm Diseases,35608,C.Online.2019.Winter.HS 320.3,Winter 2019,
Healthcare Finance,37142,C.Online.2019.Winter.HS 345.2,Winter 2019,Case Study Groups|
Healthcare Finance,37144,C.Online.2019.Winter.HS 345.3,Winter 2019,Case Study Groups|
Epidemiology,37214,C.Online.2019.Winter.HS 370.3,Winter 2019,Group Discussion Boards|
Epidemiology,37216,C.Online.2019.Winter.HS 370.4,Winter 2019,Group Discussion Boards|
Epidemiology,37218,C.Online.2019.Winter.HS 370.5,Winter 2019,Meet one another|Group Discussion Boards|
Epidemiology,37220,C.Online.2019.Winter.HS 370.6,Winter 2019,Meet one another|Sections|Group Discussion Boards|
Program Planning/Implementation,36596,C.Online.2019.Winter.HS 390.3,Winter 2019,HS 390 Assignment Groups|
Program Planning/Implementation,36598,C.Online.2019.Winter.HS 390.4,Winter 2019,HS 390 Assignment Groups|
Program Planning/Implementation,36600,C.Online.2019.Winter.HS 390.5,Winter 2019,HS 390 Assignment Groups|
Program Planning/Implementation,36602,C.Online.2019.Winter.HS 390.6,Winter 2019,HS 390 Assignment Groups|
Research Methods & Program Eval,36446,C.Online.2019.Winter.HS 391.3,Winter 2019,Discussion Boards|Research Groups|
Research Methods & Program Eval,36448,C.Online.2019.Winter.HS 391.4,Winter 2019,Research Groups|
Research Methods & Program Eval,36450,C.Online.2019.Winter.HS 391.5,Winter 2019,Research Groups|
Research Methods & Program Eval,36452,C.Online.2019.Winter.HS 391.6,Winter 2019,Research Groups|
Research Methods & Program Eval,36454,C.Online.2019.Winter.HS 391.7,Winter 2019,Research Groups|
Drugs of Use and Abuse,35928,C.Online.2019.Winter.HS 460.3,Winter 2019,
Drugs of Use and Abuse,35930,C.Online.2019.Winter.HS 460.4,Winter 2019,
Drugs of Use and Abuse,35932,C.Online.2019.Winter.HS 460.5,Winter 2019,Winter 2019|
Health Communications,38604,C.Online.2019.Winter.HS 472.2,Winter 2019,HS 472 Discussion Group|
Health Communications,38606,C.Online.2019.Winter.HS 472.3,Winter 2019,HS 472 Discussion Group|
Intro to Hospitality & Tour Mgmt,39098,C.Online.2019.Winter.HTMBC 110.1,Winter 2019,HTM 110 Group|
Teams and Hospitality,38610,C.Online.2019.Winter.HTMBC 130.1,Winter 2019,HTM 130 Team|Beginning Group|
Accommodations Operations,38612,C.Online.2019.Winter.HTMBC 150.1,Winter 2019,
Food and Beverage,37388,C.Online.2019.Winter.HTMBC 220.1,Winter 2019,htm 220 Final Learning Teams|htm 220 Initial Learning Teams|
Hospitality & Tour Finance Mgmt,37390,C.Online.2019.Winter.HTMBC 240.1,Winter 2019,
Interdisciplinary Capstone,35738,C.Online.2019.Winter.IDS 499.1,Winter 2019,
Intro to International Studies,36902,C.Online.2019.Winter.INTST 100.1,Winter 2019,Intst 100 International News Meeting Group|INTST 100 Topics from Instructor Group|
Intro to International Studies,36904,C.Online.2019.Winter.INTST 100.3,Winter 2019,INTST 100 Topics from Instructor Group|Intst 100 International News Meeting Group|
Library Research Skills,35990,C.Online.2019.Winter.LR 111.6,Winter 2019,LR 111 Journals & Data Base Presentation Group|
Medical Law and Ethics,35934,C.Online.2019.Winter.MA 106.1,Winter 2019,MA 106 Debate Groups|MA 106 Discussion Groups |
Medical Law and Ethics,35936,C.Online.2019.Winter.MA 106.2,Winter 2019,MA 106 Debate Groups|MA 106 Discussion Groups |
Medical Law and Ethics,35938,C.Online.2019.Winter.MA 106.3,Winter 2019,MA 106 Debate Groups|MA 106 Discussion Groups |
Beginning Algebra,35736,C.Online.2019.Winter.MATH 100B.16,Winter 2019,Voice Thread Groups|
College Algebra,39198,C.Online.2019.Winter.MATH 110X.7,Winter 2019,
College Algebra,39200,C.Online.2019.Winter.MATH 110X.8,Winter 2019,
Business Statistics,35946,C.Online.2019.Winter.MATH 221A.10,Winter 2019,
Business Statistics,35948,C.Online.2019.Winter.MATH 221A.11,Winter 2019,
Business Statistics,35950,C.Online.2019.Winter.MATH 221A.12,Winter 2019,
Business Statistics,35952,C.Online.2019.Winter.MATH 221A.13,Winter 2019,
Business Statistics,35954,C.Online.2019.Winter.MATH 221A.14,Winter 2019,
Business Statistics,35958,C.Online.2019.Winter.MATH 221A.15,Winter 2019,
Business Statistics,35940,C.Online.2019.Winter.MATH 221A.7,Winter 2019,
Business Statistics,35942,C.Online.2019.Winter.MATH 221A.8,Winter 2019,
Business Statistics,35944,C.Online.2019.Winter.MATH 221A.9,Winter 2019,
Biostatistics,35960,C.Online.2019.Winter.MATH 221B.10,Winter 2019,Math 221B - Design the Study|Math 221B - Make Inference and Take Action|Math 221B - PowerPoint Presentation|
Biostatistics,35962,C.Online.2019.Winter.MATH 221B.11,Winter 2019,Math 221B - Design the Study|Math 221B - Make Inference and Take Action|Math 221B - PowerPoint Presentation|
Biostatistics,35964,C.Online.2019.Winter.MATH 221B.12,Winter 2019,Sections|Math 221B - Design the Study|Math 221B - Make Inference and Take Action|Math 221B - PowerPoint Presentation|
Biostatistics,35966,C.Online.2019.Winter.MATH 221B.13,Winter 2019,Math 221B - Design the Study|Math 221B - Make Inference and Take Action|Math 221B - PowerPoint Presentation|
Biostatistics,35968,C.Online.2019.Winter.MATH 221B.14,Winter 2019,Math 221B - Design the Study|Math 221B - Make Inference and Take Action|Math 221B - PowerPoint Presentation|
Biostatistics,35970,C.Online.2019.Winter.MATH 221B.15,Winter 2019,Math 221B - Design the Study|Math 221B - Make Inference and Take Action|Math 221B - PowerPoint Presentation|
Biostatistics,35956,C.Online.2019.Winter.MATH 221B.9,Winter 2019,Math 221B - Design the Study|Math 221B - Make Inference and Take Action|Math 221B - PowerPoint Presentation|
Social Science Statistics,35976,C.Online.2019.Winter.MATH 221C.10,Winter 2019,
Social Science Statistics,35978,C.Online.2019.Winter.MATH 221C.11,Winter 2019,
Social Science Statistics,35980,C.Online.2019.Winter.MATH 221C.12,Winter 2019,
Social Science Statistics,35982,C.Online.2019.Winter.MATH 221C.13,Winter 2019,
Social Science Statistics,35972,C.Online.2019.Winter.MATH 221C.8,Winter 2019,
Social Science Statistics,35974,C.Online.2019.Winter.MATH 221C.9,Winter 2019,
Engineering Computation I,38614,C.Online.2019.Winter.ME 142.4,Winter 2019,
Engineering Computation I,38616,C.Online.2019.Winter.ME 142.5,Winter 2019,
Engineering Mechanics: Statics,37222,C.Online.2019.Winter.ME 201.3,Winter 2019,ME 201 Groups|
Engineering Mechanics: Statics,37224,C.Online.2019.Winter.ME 201.4,Winter 2019,ME 201 Groups|
Engineering Mechanics: Dynamics,38618,C.Online.2019.Winter.ME 204.2,Winter 2019,ME 204 Group Assignment Group|
Manufacturing Processes I,36604,C.Online.2019.Winter.ME 231.3,Winter 2019,ME 231 Teams |
Materials Science,39108,C.Online.2019.Winter.ME 250.3,Winter 2019,ME 250 MSITN Presenters|ME 250 MSITN Discussion Groups|ME 250 Design Project Groups|ME 250 Forensic Project Groups|
CAD and ME Drawings,35610,C.Online.2019.Winter.ME 272.1,Winter 2019,
Advanced Nursing Concepts,36606,C.Online.2019.Winter.NURS 400.1,Winter 2019,NURS 400: Scholarly Paper Peer Review Group|NURS 400: Small Group|
Advanced Nursing Concepts,36608,C.Online.2019.Winter.NURS 400.2,Winter 2019,NURS 400: Scholarly Paper Peer Review Group|NURS 400: Small Group|
Community Nursing (BSN),36610,C.Online.2019.Winter.NURS 449.1,Winter 2019,NURS 449 1st Half: Group|NURS 449 2nd Half: Group|
Community Nursing (BSN),36612,C.Online.2019.Winter.NURS 449.2,Winter 2019,NURS 449 1st Half: Group|NURS 449 2nd Half: Group|
Nursing Leadership (BSN),36614,C.Online.2019.Winter.NURS 450.1,Winter 2019,NURS 450 Discussion Group|
Nursing Leadership (BSN),36616,C.Online.2019.Winter.NURS 450.2,Winter 2019,NURS 450 Discussion Group|
Essentials of Human Nutrition,36618,C.Online.2019.Winter.NUTR 150.14,Winter 2019,Sections|NUTR 150 Discussion Group|
Essentials of Human Nutrition,36620,C.Online.2019.Winter.NUTR 150.15,Winter 2019,NUTR 150 Discussion Group|
Essentials of Human Nutrition,36622,C.Online.2019.Winter.NUTR 150.16,Winter 2019,NUTR 150 Discussion Group|
Essentials of Human Nutrition,36624,C.Online.2019.Winter.NUTR 150.17,Winter 2019,NUTR 150 Discussion Group|
Essentials of Human Nutrition,37704,C.Online.2019.Winter.NUTR 150.18,Winter 2019,NUTR 150 Discussion Group|
Essentials of Human Nutrition,36626,C.Online.2019.Winter.NUTR 150.19,Winter 2019,NUTR 150 Discussion Group|
Essentials of Human Nutrition,36628,C.Online.2019.Winter.NUTR 150.21,Winter 2019,NUTR 150 Discussion Group|
Essentials of Human Nutrition,39100,C.Online.2019.Winter.NUTR 150.22,Winter 2019,NUTR 150 Discussion Group|
Nutrient Metabolism,36630,C.Online.2019.Winter.NUTR 200.2,Winter 2019,NUTR 200 Groups|NUTR 200 Wk 2 Group|
Nutrient Metabolism,36632,C.Online.2019.Winter.NUTR 200.3,Winter 2019,NUTR 200 Groups|NUTR 200 Wk 2 Group|
Nutrient Metabolism,37630,C.Online.2019.Winter.NUTR 200.4,Winter 2019,NUTR 200 Groups|NUTR 200 Wk 2 Group|
Introductory Applied Physics I,36898,C.Online.2019.Winter.PH 105.4,Winter 2019,PH 105 Group Work|
Principles of Physics I,36634,C.Online.2019.Winter.PH 121.8,Winter 2019,PH 121 Group Exercises|
General Psychology,36458,C.Online.2019.Winter.PSYCH 111.10,Winter 2019,PSYCH 111 Field Report Group|PSYCH 111 Project Groups|
General Psychology,36460,C.Online.2019.Winter.PSYCH 111.11,Winter 2019,PSYCH 111 Field Report Group|PSYCH 111 Project Groups|
General Psychology,36462,C.Online.2019.Winter.PSYCH 111.12,Winter 2019,PSYCH 111 Field Report Group|PSYCH 111 Project Groups|
General Psychology,36464,C.Online.2019.Winter.PSYCH 111.13,Winter 2019,PSYCH 111 Field Report Group|PSYCH 111 Project Groups|
General Psychology,36466,C.Online.2019.Winter.PSYCH 111.14,Winter 2019,PSYCH 111 Field Report Group|PSYCH 111 Project Groups|
General Psychology,36468,C.Online.2019.Winter.PSYCH 111.15,Winter 2019,PSYCH 111 Field Report Group|PSYCH 111 Project Groups|
General Psychology,37706,C.Online.2019.Winter.PSYCH 111.16,Winter 2019,PSYCH 111 Field Report Group|PSYCH 111 Project Groups|
General Psychology,39102,C.Online.2019.Winter.PSYCH 111.17,Winter 2019,PSYCH 111 Field Report Group|PSYCH 111 Project Groups|
General Psychology,39378,C.Online.2019.Winter.PSYCH 111.18,Winter 2019,
General Psychology,36456,C.Online.2019.Winter.PSYCH 111.9,Winter 2019,PSYCH 111 Field Report Group|PSYCH 111 Project Groups|
Career Development in Psychology,35626,C.Online.2019.Winter.PSYCH 112.1,Winter 2019,PSYCH 112 Discussion Group|
Research Methods,36636,C.Online.2019.Winter.PSYCH 302.3,Winter 2019,Outline Discussion|
Research Methods,36638,C.Online.2019.Winter.PSYCH 302.5,Winter 2019,Outline Discussion|
Research Methods,36640,C.Online.2019.Winter.PSYCH 302.6,Winter 2019,Outline Discussion|
Research Methods,36642,C.Online.2019.Winter.PSYCH 302.7,Winter 2019,Outline Discussion|
Research Methods,36644,C.Online.2019.Winter.PSYCH 302.8,Winter 2019,Outline Discussion|
Research Methods,36646,C.Online.2019.Winter.PSYCH 302.9,Winter 2019,Outline Discussion|
Leisure in Society,36470,C.Online.2019.Winter.RM 304.2,Winter 2019,RM 304 Discussion Groups|
Accessible Recreation,35612,C.Online.2019.Winter.RM 307.2,Winter 2019,RM 307: Team Huddle Discussion|
Therapeutic Recreation: Intro,37226,C.Online.2019.Winter.RM 370.2,Winter 2019,Disability Presentation Groups|Topic Presentation Groups|
Applied Therapeutic Recreation,37616,C.Online.2019.Winter.RM 373R.1,Winter 2019,373R Presentation Groups|
Intro to Social Media Marketing,36648,C.Online.2019.Winter.SMMBC 105.1,Winter 2019,SMM 105 Campaign |
Intro to Social Media Marketing,36650,C.Online.2019.Winter.SMMBC 105.2,Winter 2019,SMM 105 Campaign |
Intro to Social Media Marketing,39104,C.Online.2019.Winter.SMMBC 105.3,Winter 2019,SMM 105 Campaign |
Social Media Marketing Strategy,36652,C.Online.2019.Winter.SMMBC 120.1,Winter 2019,Sections|
Social Media Marketing Strategy,36654,C.Online.2019.Winter.SMMBC 120.2,Winter 2019,
Social Media Marketing Content,36656,C.Online.2019.Winter.SMMBC 130.1,Winter 2019,Set #1|Set #2|Set #3 |Set #4 |
Social Media Marketing Content,36658,C.Online.2019.Winter.SMMBC 130.2,Winter 2019,Set #1|Set #2|Set #3 |Set #4 |
SMM Analytics,35614,C.Online.2019.Winter.SMMBC 150.1,Winter 2019,SMM 150 Set #03|SMM 150 Set #01|SMM 150 Set #02|SMM 150 Set #04|
SMM Analytics,35616,C.Online.2019.Winter.SMMBC 150.2,Winter 2019,SMM 150 Set #03|SMM 150 Set #01|SMM 150 Set #02|SMM 150 Set #04|
SMM Advocacy and Advertising,35618,C.Online.2019.Winter.SMMBC 160.1,Winter 2019,Set #02|Set #01|Set #03|Set #04|
Introduction to Sociology,36660,C.Online.2019.Winter.SOC 111.4,Winter 2019,SOC 111 Project Group|
Introduction to Sociology,36662,C.Online.2019.Winter.SOC 111.5,Winter 2019,SOC 111 Project Group|
Introduction to Sociology,36664,C.Online.2019.Winter.SOC 111.6,Winter 2019,Discussion Groups|SOC 111 Project Group|
Introduction to Sociology,36666,C.Online.2019.Winter.SOC 111.7,Winter 2019,Zoom Groups for Group Activities|Discussion Board Groups|
Race and Ethnic Relations,36668,C.Online.2019.Winter.SOC 323.2,Winter 2019,SOC 323 Group Activity|SOC 323 (W08-13) Discussion Group|SOC 323 (W02-07) Discussion Group|
Race and Ethnic Relations,36670,C.Online.2019.Winter.SOC 323.3,Winter 2019,SOC 323 Group Activity|SOC 323 (W08-13) Discussion Group|SOC 323 (W02-07) Discussion Group|
Juvenile Delinquency,35620,C.Online.2019.Winter.SOC 383.2,Winter 2019,SOC 383 Activity Small Groups|Discussion Groups|
Exceptional Students: Grade 6-12,35728,C.Online.2019.Winter.SPED 360.3,Winter 2019,SPED 360 Week 07-14 Discussion Group|SPED 360 Week 02-06 Discussion Group|SPED 360 Project Groups|
Introduction to Social Work,35730,C.Online.2019.Winter.SW 260.3,Winter 2019,SW 260 Discussion Groups (W05-14)|SW 260 Discussion Groups (W01-04)|
Introduction to Social Work,35732,C.Online.2019.Winter.SW 260.4,Winter 2019,SW 260 Discussion Groups (W05-14)|SW 260 Discussion Groups (W01-04)|
Child Welfare Services,35734,C.Online.2019.Winter.SW 463.2,Winter 2019,SW 463 Peer Consultation Groups|
Introduction to Theatre,35622,C.Online.2019.Winter.TA 115.2,Winter 2019,TA 115 Discussion Groups|TA 115 Presentation Groups|
Dramatic Structure and Analysis,35624,C.Online.2019.Winter.TA 116.2,Winter 2019,TA 116 W02–W07 Table Work Teams|TA 116 W08–W13 Table Work Teams|
Theatre History I,35726,C.Online.2019.Winter.TA 401.1,Winter 2019,TA 401 W02-W07 Discussion Group|TA 401 W08-W13 Discussion Group|
Introduction to TESOL,36672,C.Online.2019.Winter.TESOL 101.1,Winter 2019,TESOL 101 Teach One Another Activities|
Introduction to TESOL,36674,C.Online.2019.Winter.TESOL 101.2,Winter 2019,TESOL 101 Teach One Another Activities|
Introduction to TESOL,39106,C.Online.2019.Winter.TESOL 101.3,Winter 2019,TESOL 101 Teach One Another Activities|
TESOL Pedagogy I,36676,C.Online.2019.Winter.TESOL 102.1,Winter 2019,
TESOL Pedagogy I,37708,C.Online.2019.Winter.TESOL 102.2,Winter 2019,Group 1|
TESOL Pedagogy II,36678,C.Online.2019.Winter.TESOL 103.1,Winter 2019,
TESOL Pedagogy II,39498,C.Online.2019.Winter.TESOL 103.2,Winter 2019,
English Grammar for TESOL,35724,C.Online.2019.Winter.TESOL 104.1,Winter 2019,Groups|Discussion Groups|
TESOL Practice,36680,C.Online.2019.Winter.TESOL 105.1,Winter 2019,
Intro to Web Design/Development,39306,C.Online.2019.Winter.WDD 100.15,Winter 2019,
Intro to Web Design/Development,35992,C.Online.2019.Winter.WDD 100.9,Winter 2019,
Advanced CSS,36472,C.Online.2019.Winter.WDD 331.3,Winter 2019,WDD 331 Group|
Advanced CSS,36474,C.Online.2019.Winter.WDD 331.4,Winter 2019,WDD 331 Group|
Advanced CSS,36476,C.Online.2019.Winter.WDD 331.5,Winter 2019,WDD 331 Group|
Project Management (Seth's Copy 8),39282,,Winter 2019,Structured Path|
Project Management (Seth's Copy 9),39284,,Winter 2019,Structured Path|
Word Processing II,39308,,Winter 2019,
Web Business Creation,39310,,Winter 2019,